"~id","~labels","body_markdown","link","creation_date","answer_count","title","uuid","view_count","display_name","name","score","is_accepted","accepted_answer_id"
"517","Question","I start to learn neo4j. I am using the graph  http://neo4j.com/graphgist/b1f6439d-2904-4fcf-8017-8c83d57ef20b#listing_category=sports-and-recreation  and I have a small issue. I do not know how to find routes that you can get from Darjeeling to Sandakphu with the fewest stages  Could anyone see how should be build correct query, should I use shortest path function?  Currently I&#39;m testing something like:    MATCH (p:peak{name:&#39;Sandakphu&#39;})-[r*..5]-(t:town{name:&#39;Darjeeling&#39;})    RETURN r   MATCH path = ShortestPath((p)-[*..5])-(t)]   RETURN path  ","https://stackoverflow.com/q/62043830",1590584695,1,"neo4j find paths between nodes with with the fewest stages",62043830,38,,,,,
"710","User",,,,,,10968968,,"newbie",,,,
"762","User",,,,,,16547593,,"User992",,,,
"830","User",,,,,,14244437,,"pzvkn",,,,
"984","User",,,,,,12607075,,"Rohith",,,,
"1009","User",,,,,,11304461,,"Brat",,,,
"1189","User",,,,,,8874688,,"pooja narayan",,,,
"1229","User",,,,,,15151663,,"Nicola Alessandro Pugliese",,,,
"1255","User",,,,,,15032511,,"Rita",,,,
"1269","User",,,,,,9608006,,"Itay Tur",,,,
"1296","User",,,,,,15016742,,"mailer345761",,,,
"1298","User",,,,,,15012203,,"ananono",,,,
"1618","User",,,,,,11504368,,"elizabeth.morgan0190",,,,
"1679","Tag",,"https://stackoverflow.com/questions/tagged/neo4j",,,,,,,"neo4j",,,
"1681","Tag",,"https://stackoverflow.com/questions/tagged/graph",,,,,,,"graph",,,
"1682","Tag",,"https://stackoverflow.com/questions/tagged/cypher",,,,,,,"cypher",,,
"1683","Tag",,"https://stackoverflow.com/questions/tagged/graph-databases",,,,,,,"graph-databases",,,
"1685","Tag",,"https://stackoverflow.com/questions/tagged/database",,,,,,,"database",,,
"1724","Tag",,"https://stackoverflow.com/questions/tagged/neo4j-browser",,,,,,,"neo4j-browser",,,
"1733","Tag",,"https://stackoverflow.com/questions/tagged/sum",,,,,,,"sum",,,
"1767","Tag",,"https://stackoverflow.com/questions/tagged/nosql",,,,,,,"nosql",,,
"1770","Tag",,"https://stackoverflow.com/questions/tagged/json",,,,,,,"json",,,
"1799","Tag",,"https://stackoverflow.com/questions/tagged/sql",,,,,,,"sql",,,
"1800","Tag",,"https://stackoverflow.com/questions/tagged/notin",,,,,,,"notin",,,
"1860","Tag",,"https://stackoverflow.com/questions/tagged/database-design",,,,,,,"database-design",,,
"1861","Tag",,"https://stackoverflow.com/questions/tagged/aerospike",,,,,,,"aerospike",,,
"1939","Tag",,"https://stackoverflow.com/questions/tagged/aggregate",,,,,,,"aggregate",,,
"2036","Tag",,"https://stackoverflow.com/questions/tagged/d3.js",,,,,,,"d3.js",,,
"2074","Tag",,"https://stackoverflow.com/questions/tagged/nosql-aggregation",,,,,,,"nosql-aggregation",,,
"2268","Answer","1. I don&#39;t think that&#39;s possible, LOAD CSV goes over one row at a time, so at row 1, it doesn&#39;t know how many more rows will follow.  I guess you could create virtual nodes and relationships, aggregate those and then use those to create the real nodes, but that would be way more complicated. [Virtual Nodes/Rels](https://neo4j.com/labs/apoc/4.1/virtual/virtual-nodes-rels/) 2. That depends on the questions/queries you want to ask.  A graph database is optimised for following relationships, so if you often do a query where the category is a criteria (e.g. `MATCH (c: Category {category_id: 12})-[r]-(:Compound)` ), it might be more performant to create a label for it.  If you just want to get the category in the results (e.g. `RETURN compound.category`), then it&#39;s fine as a property. ","https://stackoverflow.com/a/69143655",,,"Correct order of operations in neo4j - LOAD, MERGE, MATCH, WITH, SET",69143655,,,,0,"false",
"2407","Answer","This is non-trivial but you can leverage work shared by others. Take a look at: https://github.com/Playtika/aerospike-janusgraph-storage-backend ","https://stackoverflow.com/a/68073076",,,"Recommendations for a Graphical DBMS using Aerospike as backend?",68073076,,,,2,"true",
"2591","Answer","I think this might be what you are looking for: https://neo4j.com/labs/apoc/4.2/overview/apoc.nodes/apoc.nodes.link/. This will take a list of nodes and create relationships between them to give you a path.  You could also do this with Cypher, but it&#39;s a bit more cumbersome. There&#39;s a knowledgebase article showing each method here: https://neo4j.com/developer/kb/creating-and-working-with-linked-lists/.","https://stackoverflow.com/a/67389932",,,"Create a path between two nodes through another node using cypher command in neo4j?",67389932,,,,0,"false",
"2620","Answer","I see a couple of ways you could do this. I think the simplest way would be to search for each genre in the list, and then aggregate the results.    MATCH (c:Customer { name : &quot;Andrei Balanuta&quot; })-[:CLIENT]-(o:Order)-[ol:ORDERLINE]-(b:Book)   UNWIND b.genre as g   WITH DISTINCT g   MATCH (b:Book)   WHERE g in b.genre   RETURN book.isbn, collect(g) AS genre  If you have the APOC library installed, you could also use the [apoc.coll.intersection][1] function. Something like this might meet your need.    MATCH (c:Customer { name : &quot;Andrei Balanuta&quot; })-[:CLIENT]-(o:Order)-[ol:ORDERLINE]-(b:Book)   UNWIND b.genre as g   WITH collect(distinct g) as customerGenres   MATCH (b2:Book)   WHERE size(apoc.coll.intersection(customerGenres, b2.genre)) &gt; 0   RETURN b2.isbn, b2.genre, customerGenres  Both of the queries above are going to include books that the customer has already bought. If you want to avoid that, you could do something like this.    MATCH (c:Customer { name : &quot;Andrei Balanuta&quot; })-[:CLIENT]-(o:Order)-[ol:ORDERLINE]-(b:Book)   WITH COLLECT (b) as customerBooks   WITH customerBooks,    apoc.coll.toSet([book in customerBooks | book.genre]) as customerGenres   MATCH (b2:Book)   WHERE size(apoc.coll.intersection(customerGenres, b2.genre)) &gt; 0   AND NOT b2 in customerBooks   RETURN b2.isbn, b2.genre, customerGenres  As a final thought, all of these queries are going to have to search every single book in your database to check the genre properties. If query performance starts to bog down, you might consider making genre into a node instead of a property.   [1]: https://neo4j.com/labs/apoc/4.1/overview/apoc.coll/apoc.coll.intersection/","https://stackoverflow.com/a/67214423",,,"neo4j query an array field that has at least one item in the list",67214423,,,,0,"false",
"2621","Answer","In your actual example, if you have an index on :Book(genre), we can make this an index lookup.  Also we don&#39;t need to use variables that are never going to be reused later.    MATCH (:Customer { name : &quot;Andrei Balanuta&quot; })-[:CLIENT]-(:Order)-[:ORDERLINE]-(b:Book)   WITH collect(DISTINCT b.genre) as genres   MATCH (b:Book)   WHERE b.genre IN genres   WITH DISTINCT b as book   RETURN book.isbn, book.genre  That said, getting all books in all genres matching those of prior ordered books seems a little overkill, maybe a LIMIT or additional filtering would be a good idea.  For your more general example, you can use the any() list predicate  https://neo4j.com/docs/cypher-manual/current/functions/predicate/#functions-any    WITH [&#39;Author-1&#39;, &#39;Author-2&#39;, &#39;Author-2&#39;] as p,    [&#39;Author-1&#39;, &#39;Author-2&#39;] as a,    [&#39;Author-1&#39;, &#39;Author-2&#39;, &#39;Author-3&#39;, &#39;Author-4&#39;] as b,    [&#39;Author-4&#39;, &#39;Author-5&#39;, &#39;Author-6&#39;, &#39;Author-7&#39;] as c,    [&#39;Author-5&#39;, &#39;Author-6&#39;, &#39;Author-7&#39;, &#39;Author-8&#39;] as d,    [&#39;Author-1&#39;, &#39;Author-2&#39;] as desired   UNWIND [p, a, b, c, d] as list   WITH desired, list   WHERE any(item IN desired WHERE item IN list)   RETURN list","https://stackoverflow.com/a/67215028",,,"neo4j query an array field that has at least one item in the list",67215028,,,,0,"true",
"2624","Answer","You can use [aggregation functions](https://neo4j.com/docs/cypher-manual/current/functions/aggregating/) to get the result you need:    MATCH (b:Book)&lt;-[ol:ORDERLINE]-()   UNWIND b.genre as genre   RETURN genre, sum(ol.amount) as `ol.amount`","https://stackoverflow.com/a/67199851",,,"neo4j sum rows with identical fields",67199851,,,,2,"true",
"2979","Answer","You can use `IN` to check if a value is present in the array/list.    MATCH (n:a)    WHERE 1 IN n.listNumb    RETURN n;","https://stackoverflow.com/a/65929897",,,"Neo4j match using a list",65929897,,,,0,"true",
"2995","Answer","Neo4j doesn&#39;t have fallback when the `order by` is facing 2 or more nodes with the same value. I tried to `order by` the `title` `Timer` and there is several of `Shops` with this `title`. the work around was adding the fallback to another comparison.   `ORDER BY shops.title, shops.id`  wired that neo4j doesn&#39;t provide failsafe ( like, id of the node ), and resolving in sending the same node when skip is used. ","https://stackoverflow.com/a/65925254",,,"neo4j - pagination return same results even when skip and order by are specified",65925254,,,,0,"true",
"3022","Answer","The query to get a list of the stockcodes of products purchased with your most popular stock and the number of times they were purchased with the most popular item would be something like: ``` MATCH (pr:product{stockcode:&quot;85123A&quot;})&lt;-[includes]-(pu:purchase)-[includes]-&gt;(pr2:product) RETURN pr2.stockcode, count (*) as quantity","https://stackoverflow.com/a/65746191",,,"figuring out what customers bought together with the most popular product in graph database",65746191,,,,0,"false",
"4749","Question","I am loading simple csv data into neo4j. The data is simple as follows :-   ``` uniqueId	 compound	  value	category ACT12_M_609	 mesulfen	  21	  carbon ACT12_M_609	 MNAF	    23	  carbon ACT12_M_609	 nifluridide	20	  suphate ACT12_M_609	 sulfur	  23	  carbon  ``` I am loading the data from the URL using the following query -   ``` LOAD CSV WITH HEADERS FROM &quot;url&quot; AS row MERGE( t: Transaction { transactionId: row.uniqueId }) MERGE(c:Compound {name: row.compound}) MERGE (t)-[r:CONTAINS]-&gt;(c)  ON CREATE SET c.category= row.category ON CREATE SET r.price =row.value  ``` Next I do the aggregation to count total orders for a compound and create property for a node in the following way -  ``` MATCH (c:Compound) &lt;-[:CONTAINS]- (t:Transaction) with c.name as name, count( distinct t.transactionId) as ord set c.orders = ord ```  So far so good. I can accomplish what I want but I have the following 2 questions -    1. How can I create the `orders` property for `compound` node in the first step itself? .i.e. when I am loading the data I would like to perform the aggregation straight away.  2. For a compound node I am also setting the property for category. Theoretically, it can also be modelled as `category -contains-&gt; compound` by creating `Category`node. But what advantage will I have if I do it? Because I can execute the queries and get the expected output without creating this additional node.   Thank you for your answer. ","https://stackoverflow.com/q/68794325",1629052099,1,"Correct order of operations in neo4j - LOAD, MERGE, MATCH, WITH, SET",68794325,26,,,,,
"4829","Question","I&#39;m having trouble getting this query to work:    MATCH (pb:PRO{code: $pb, letter:$L})-[customerof:CUSTOMER_OF]-&gt;(c:CUSTOMER)-[:HAS_CONTRACT]-&gt;(con:CONTRACT)-[:HAS_POSITION]-&gt;(pos:POSITION)-[:HAS_PRODUCTS]-&gt;(prod:PRODUCT) WHERE     (       &#39;ALL&#39; in $filter       or       (         &#39;FIRST&#39; in $filter         and (prod.famprod in [&#39;AC&#39;,&#39;DT&#39;] and not prod.contractType in [&#39;95|FUNDS&#39;]))       or       (         &#39;SECOND&#39; in $filter         and not prod.famprod in [&#39;AC&#39;] OR(prod.famprod IN [&#39;AC&#39;,&#39;DT&#39;] and prod.contractType in [&#39;95|FUNDS&#39;])       )     )     and     (       $customerType=&#39;ALL&#39;       or       (         $customerType=&#39;SINGLE&#39;         and         customerof.flagSingle=&#39;1&#39;       )       or       (         $customerType=&#39;NOTSINGLE&#39;         and         customerof.flagSingle=&#39;0&#39;       )     )  The problem arises when I run &#39;FIRST&#39; OR &#39;SECOND&#39;: running &#39;FIRST&#39; the **query, despite the &quot;not&quot; returns also prod.contractType in [&#39;95|FUNDS&#39;]**; running &#39;SECOND&#39; the return is right.  I&#39;m not so good with neo4j (first experience) and i can&#39;t solve the problem: i tried almost 20 different combinations but it doesn&#39;t work.  It looks like they are mirrored: when i try to modify &#39;FIRST&#39;, sometimes it changes the return of &#39;SECOND&#39;.  &#39;ALL&#39; works fine.  Can you help me to get the right return?  Thanks ","https://stackoverflow.com/q/68563846",1627488484,0,"Neo4j: how to filter query",68563846,33,,,,,
"4940","Question","Right now what I&#39;m doing is:  - Write some data in 3 different tables  - Perform some reads to check if new values exists in this tables  - Depending which table it finds the data the application may write some relation to this data on the other tables.  It&#39;s not complicated, but the data volume will be big, probably 20mil+ values/day.  Initially I thought about using Neo4J as a Graphical DB, but I found the learning curve a bit too steep and to be fair the Graphical advantages of this DB would not be used right now, only in about 5-6 months.  Also I really need something **FAST**. After some research I decided to use Aerospike as the Backend Storage, but I found really difficult to find an appropriate DBMS that can create Graphic Relationships.  With Aerospike I can perform about 20,000 writes-per-second, and is really easy to set a expiration date for this data.  Do you know any Graphical DBMS to use with Aerospike?  If there&#39;s none, or the options are not really on a production-ready state, would anyone know a DB Backend/Graphical DBMS combo that can perform similarly? I&#39;m targeting 6,000 writes-per-second as a minimum right now.  Thanks","https://stackoverflow.com/q/68071259",1624291610,1,"Recommendations for a Graphical DBMS using Aerospike as backend?",68071259,25,,,,,68073076
"5126","Question","For example, I have three nodes a, b, c. I want to create a **path** (not relationship) between nodes a and c via node b. I referred some official docs but I cannot find exact query.  What I referred https://neo4j.com/docs/cypher-manual/current/clauses/create/#create-create-a-full-path","https://stackoverflow.com/q/67378953",1620103723,1,"Create a path between two nodes through another node using cypher command in neo4j?",67378953,17,,,,,
"5157","Question","I want to query a list with a list ```  p = [&#39;Author-1&#39;, Author-2, Author-2]  a = [&#39;Author-1&#39;, Author-2]  b = [&#39;Author-1&#39;, Author-2, Author-3, Author-4]  c = [&#39;Author-4&#39;, Author-5, Author-6, Author-7]  d = [&#39;Author-5&#39;, Author-6, Author-7, Author-8] ``` using p, if one of the lists has at least author1 or author2 return it.   ``` WITH p, a, b, c UNWIND p WITH DISTINCT p MATCH (p) with b as book, collect(g) as genre WHERE genre in b.genre return book.isbn, genre ```   my real example returns nothing, the genre is like p in the example above and b.genre is like b,c,d,e the `WHERE genre in b.genre` is not working properly ``` MATCH (c:Customer { name : &quot;Andrei Balanuta&quot; })-[:CLIENT]-(o:Order)-[ol:ORDERLINE]-(b:Book) UNWIND b.genre as g WITH DISTINCT g MATCH (b:Book) with b as book, collect(g) as genre WHERE genre in b.genre return book.isbn, genre ```","https://stackoverflow.com/q/67207739",1619072220,2,"neo4j query an array field that has at least one item in the list",67207739,34,,,,,67215028
"5160","Question","  MATCH (b:Book)&lt;-[ol:ORDERLINE]-()   UNWIND b.genre as genre   RETURN genre, ol.amount  gives this result     │&quot;genre&quot;  │&quot;ol.amount&quot;│   │&quot;Genre-1&quot; │1        │&quot;Genre-3&quot; │1   │&quot;Genre-1&quot; │2    │&quot;Genre-10&quot;│2        │&quot;Genre-1&quot; │5        │&quot;Genre-10&quot;│5   and I want this output      │&quot;genre&quot;  │&quot;ol.amount&quot;   │&quot;Genre-1&quot; │8        │&quot;Genre-3&quot; │1   │&quot;Genre-10&quot;│7          ","https://stackoverflow.com/q/67199636",1619021759,1,"neo4j sum rows with identical fields",67199636,15,,,,,67199851
"5425","Question","I have 3 JSON files namely Network, DataStore and VM. I want to extract the data from JSON files and create nodes and relationships dynamically.I have used the below mentioned query    CALL apoc.load.json(&quot;file:///DataStore.json&quot;) YIELD value AS data   MERGE (d:DataStore{DataStore: data.DataStore})   SET d.Name = data.Name,   d.Type = data.Type,   d.Capacity = data.Capacity,   d.Free = data.Free   WITH data as data   CALL apoc.load.json(&quot;file:///Network.json&quot;)YIELD value AS net   MERGE(n:Network{Network:net.Network})   SET n.Name =net.Name   WITH net AS nw   CALL apoc.load.json(&quot;file:///VmDetails.json&quot;) YIELD value AS vm   MERGE(n:Network{Name:vm.Network})   MERGE(d:DataStore{Datastore:vm.DataStore})   MERGE(v:UserV{vmName:vm.vmName})   SET v.CPU= vm.CPU,   v.ConnectionState = vm.ConnectionState,   v.DataStore = vm.DataStore,   v.Hostname = vm.Hostname,   v.InstanceUuid = vm.InstanceUuid,   v.IpAddress = vm.IpAddress,   v.Network = vm.Network,   v.NumEthernetCards = vm.NumEthernetCards,   v.NumVirtualDisks = vm.NumVirtualDisks,   v.OverallStatus = vm.OverallStatus,   v.PowerState = vm.PowerState,   v.RAM = vm.RAM,   v.Uuid = vm.Uuid   MERGE (n)-[:connected]-&gt;(v)   MERGE (v)-[:related]-&gt;(d)   Here I can create nodes as desired but while creating relationships only network and VM are creating relationship correctly but when it comes to datastore it creates some unwanted new nodes and creates a relationship.[Realtionship created between VM and DataStore][1] &lt;-this is the image of the graph created    [1]: https://i.stack.imgur.com/QdwpH.png","https://stackoverflow.com/q/66327507",1614057909,0,"creating nodes and building relationships dynamically by Importing data from json files",66327507,17,,,,,
"5489","Question","I&#39;m trying to visualize a graph using d3.js that I created on neo4j.  I can&#39;t understand how to do that. All the documents that I have found are too generic and I still don&#39;t know how to start d3.js script.","https://stackoverflow.com/q/66062349",1612524056,0,"How to use d3.js on neo4j browser?",66062349,28,,,,,
"5529","Question","i have a node like this: (:a{name:&#39;&#39;,lname:&#39;&#39;,listNumb:[1,3,9]}) i want to select when 1 is in the array  this is what itried to do  `match (:a ) where a.listNumb=1 return a ; or  match (:a {listNumb=1})` ","https://stackoverflow.com/q/65929497",1611794783,1,"Neo4j match using a list",65929497,21,,,,,65929897
"5548","Question","I&#39;m implementing infinite scroll and trying to get new items every time the user reach the bottom of the page.   problem is, neo4j return nodes that were already returned.  I read that `ORDER BY` is must for this case, but it didn&#39;t help.  I tried follow the solution here: https://stackoverflow.com/questions/16338670/how-to-paginate-query-results-with-cypher, and put the `pagination clauses (LIMIT, SKIP...)` before the `WITH` clause, but it didn&#39;t work. It also throw an error  the query:     MATCH(shops: Shop)   WHERE shops.title = ~ &#39;(?i).*${search}.*&#39;   WITH shops   ORDER BY shops.title asc   SKIP $skip   LIMIT $limit   MATCH(products: Product) &lt; -[relation: SELL] - (shops)   RETURN shops, products, relation   how the query can guarantee new items on each request ?  *note - the `limit` is always 12, and `skip` is the items array length, the client app contain on the request.  **EDIT 1 - IMAGES FROM THE DB OF THE DUPLICATION**  it can be shown that a node with the same id, is returned from the two queries.  **1ST page - skip 0, limit 12**  [![1st page - skip 0, limit 12][1]][1]  **2ND page - skip 12, limit 12**  [![2ND page - skip 12, limit 12][2]][2]    [1]: https://i.stack.imgur.com/cX6bn.png  [2]: https://i.stack.imgur.com/RjD4N.png","https://stackoverflow.com/q/65873569",1611508258,1,"neo4j - pagination return same results even when skip and order by are specified",65873569,91,,,,,65925254
"5589","Question","The schema of the database is as following       MATCH (customer{customerid})-[:made]-&gt;(purchased{Invoiceno, invoicedate})-[:includes{quantity, invoiceamount}]-&gt;(product{stockcode, unitprice})  is there a way to find which customer increased spending from first purchase to last","https://stackoverflow.com/q/65746467",1610770766,0,"find which customer increased spending from first purchase to last",65746467,77,,,,,
"5591","Question","I am using Neo4j. The schema for the database is:    MATCH (customer{customerid})-[:made]-&gt;(purchased{invoiceno, invoicedate})-[:includes{quantity, invoiceamount}]-&gt;(product{stockcode, unitprice})  I already know how to get the most popular product.    MATCH (a:customer)-[r1:made]-&gt;(b:purchase)-[r2:includes]-&gt;(c:product)   RETURN p.stockcode, count(*) AS quantity   ORDER BY quantity DESC   LIMIT 1  Which gives me the the most popular product.    ╒══════════════╤═══════════════════╕   │&quot;p.stockcode&quot; │&quot;quantity&quot;     │   ╞══════════════╪═══════════════════╡   │&quot;85123A&quot;   │77         │   └──────────────┴───────────────────┘ how do I tell what customer bought together with this product. ","https://stackoverflow.com/q/65746040",1610765653,1,"figuring out what customers bought together with the most popular product in graph database",65746040,41,,,,,
"5819","Answer","Try the following:     MATCH (p:peak{name:&#39;Sandakphu&#39;}), (t:town{name:&#39;Darjeeling&#39;})     MATCH path = ShortestPath((p)-[*..5]-(t))    RETURN path","https://stackoverflow.com/a/62121439",,,"neo4j find paths between nodes with with the fewest stages",62121439,,,,0,"false",
"6013","Comment",,"https://stackoverflow.com/questions/68563846/neo4j-how-to-filter-query#comment121185804_68563846",,,,121185804,,,,0,,
"6014","Comment",,"https://stackoverflow.com/questions/68563846/neo4j-how-to-filter-query#comment121186823_68563846",,,,121186823,,,,0,,
"6015","Comment",,"https://stackoverflow.com/questions/68563846/neo4j-how-to-filter-query#comment121649881_68563846",,,,121649881,,,,0,,
"6016","Comment",,"https://stackoverflow.com/questions/68563846/neo4j-how-to-filter-query#comment121668803_68563846",,,,121668803,,,,0,,
"6479","Comment",,"https://stackoverflow.com/questions/67378953/create-a-path-between-two-nodes-through-another-node-using-cypher-command-in-neo#comment119115024_67378953",,,,119115024,,,,0,,
"6487","Comment",,"https://stackoverflow.com/questions/67207739/neo4j-query-an-array-field-that-has-at-least-one-item-in-the-list#comment118794931_67207739",,,,118794931,,,,0,,
"6868","Comment",,"https://stackoverflow.com/questions/65873569/neo4j-pagination-return-same-results-even-when-skip-and-order-by-are-specified#comment116485672_65873569",,,,116485672,,,,0,,
"6869","Comment",,"https://stackoverflow.com/questions/65873569/neo4j-pagination-return-same-results-even-when-skip-and-order-by-are-specified#comment116485855_65873569",,,,116485855,,,,0,,
"6870","Comment",,"https://stackoverflow.com/questions/65873569/neo4j-pagination-return-same-results-even-when-skip-and-order-by-are-specified#comment116491145_65873569",,,,116491145,,,,0,,
"6871","Comment",,"https://stackoverflow.com/questions/65873569/neo4j-pagination-return-same-results-even-when-skip-and-order-by-are-specified#comment116491641_65873569",,,,116491641,,,,0,,
"6872","Comment",,"https://stackoverflow.com/questions/65873569/neo4j-pagination-return-same-results-even-when-skip-and-order-by-are-specified#comment116494773_65873569",,,,116494773,,,,0,,
"6873","Comment",,"https://stackoverflow.com/questions/65873569/neo4j-pagination-return-same-results-even-when-skip-and-order-by-are-specified#comment116495783_65873569",,,,116495783,,,,0,,
"6874","Comment",,"https://stackoverflow.com/questions/65873569/neo4j-pagination-return-same-results-even-when-skip-and-order-by-are-specified#comment116496405_65873569",,,,116496405,,,,0,,
"6875","Comment",,"https://stackoverflow.com/questions/65873569/neo4j-pagination-return-same-results-even-when-skip-and-order-by-are-specified#comment116498551_65873569",,,,116498551,,,,0,,
"6876","Comment",,"https://stackoverflow.com/questions/65873569/neo4j-pagination-return-same-results-even-when-skip-and-order-by-are-specified#comment116499027_65873569",,,,116499027,,,,0,,
"6877","Comment",,"https://stackoverflow.com/questions/65873569/neo4j-pagination-return-same-results-even-when-skip-and-order-by-are-specified#comment116514536_65873569",,,,116514536,,,,0,,
"6878","Comment",,"https://stackoverflow.com/questions/65873569/neo4j-pagination-return-same-results-even-when-skip-and-order-by-are-specified#comment116526275_65873569",,,,116526275,,,,0,,
"6879","Comment",,"https://stackoverflow.com/questions/65873569/neo4j-pagination-return-same-results-even-when-skip-and-order-by-are-specified#comment116533121_65873569",,,,116533121,,,,0,,
"6880","Comment",,"https://stackoverflow.com/questions/65873569/neo4j-pagination-return-same-results-even-when-skip-and-order-by-are-specified#comment116560867_65873569",,,,116560867,,,,1,,